[
    {
        "name": "Riri Willians",
        "email": "riri@marvel.com",
        "password": "pwd123",
        "geek_profile": {
            "whats": "11999999999",
            "desc": "Seu computador está lento? Reiniciando do nada? Talvez seja um vírus, ou algum hardware com defeito. Posso fazer a manutenção no seu PC, formando, reinstalando o SO, trocando algum componente físico e porque não remover o baidu ou qualquer outro malware.",
            "printer_repair": "Não",
            "work": "Presencial",
            "cost": "100"
        }
    },
    {
        "name": "Arnim Zola",
        "email": "zola@hidra.com",
        "password": "pwd123",
        "geek_profile": {
            "whats": "21999999999",
            "desc": "Instalo Distros Ubuntu, Debian, ElementaryOS, PopOS, Linux Mint, Kurumin, Mandrake, Connectiva, Fedora, RedHat, CentOS, Slackware, Gentoo, Archlinux, Kubuntu, Xubuntu, Suze, Mandriva, Edubuntu, KateOS, Sabayon Linux, Manjaro Linux, BigLinux, ZorinOS, Unit",
            "printer_repair": "Não",
            "work": "Ambos",
            "cost": "110"
        }
    },
    {
        "name": "Reed Richards",
        "email": "reed@fantastic4.com",
        "password": "pwd123",
        "geek_profile": {
            "whats": "31999999999",
            "desc": "Instalado e faço manutenção em qualquer tipo de impressora, matricial padrão, matricial fiscal, a jato, a cera, a laser e até 3D. Também faço remold de fitas coloridas para Epson LX300. ",
            "printer_repair": "Sim",
            "work": "Remoto",
            "cost": "120"
        }
    }
]